response_id,prompt_id,run_id,word_count,char_count,char_count_no_spaces,avg_word_length,first_person_pronouns,third_person_pronouns,pronoun_ratio_1st_to_3rd,total_pronouns,numbered_list_items,bullet_list_items,has_numbered_list,has_bullet_list,ai_disclaimer_count,unique_ai_disclaimers,i_dont_count,i_am_not_count,as_an_ai_count,sentence_count,avg_sentence_length,question_count,exclamation_count
control_computational_hallucination_run_0,control_computational_hallucination,run_0,5,1026,1022,204.4,0,0,0.0,0,0,0,False,False,0,0,0,0,0,60,1.0666666666666667,0,0
control_computational_hallucination_run_1,control_computational_hallucination,run_1,27,190,163,5.777777777777778,0,0,0.0,0,0,1,False,True,0,0,0,0,0,1,27.0,0,0
control_computational_hallucination_run_10,control_computational_hallucination,run_10,34,186,151,4.264705882352941,4,1,4.0,5,0,0,False,False,1,1,0,1,0,5,7.0,0,0
control_computational_hallucination_run_11,control_computational_hallucination,run_11,62,335,271,4.241935483870968,5,3,1.6666666666666667,8,0,0,False,False,0,0,0,0,0,6,10.5,0,0
control_computational_hallucination_run_12,control_computational_hallucination,run_12,3,988,986,326.6666666666667,0,0,0.0,0,0,0,False,False,0,0,0,0,0,3,1.3333333333333333,0,0
control_computational_hallucination_run_13,control_computational_hallucination,run_13,1,641,641,640.0,0,0,0.0,0,0,0,False,False,0,0,0,0,0,1,1.0,0,0
control_computational_hallucination_run_14,control_computational_hallucination,run_14,65,362,296,4.338461538461538,9,4,2.25,13,0,0,False,False,1,1,0,1,0,8,8.125,0,0
control_computational_hallucination_run_15,control_computational_hallucination,run_15,33,172,135,3.0303030303030303,2,1,2.0,3,0,1,False,True,0,0,0,0,0,5,5.4,0,0
control_computational_hallucination_run_16,control_computational_hallucination,run_16,21,931,909,42.904761904761905,0,1,0.0,1,0,0,False,False,0,0,0,0,0,7,3.142857142857143,0,0
control_computational_hallucination_run_17,control_computational_hallucination,run_17,1,894,894,891.0,0,0,0.0,0,0,0,False,False,0,0,0,0,0,2,1.0,0,0
control_computational_hallucination_run_18,control_computational_hallucination,run_18,5,523,519,103.2,0,0,0.0,0,0,0,False,False,0,0,0,0,0,3,2.3333333333333335,0,0
control_computational_hallucination_run_19,control_computational_hallucination,run_19,23,148,123,5.043478260869565,3,0,inf,3,0,0,False,False,0,0,0,0,0,4,6.0,0,0
control_computational_hallucination_run_2,control_computational_hallucination,run_2,62,570,505,7.645161290322581,6,4,1.5,10,0,0,False,False,1,1,0,1,0,28,2.75,0,1
control_computational_hallucination_run_20,control_computational_hallucination,run_20,13,91,75,5.461538461538462,0,0,0.0,0,0,0,False,False,0,0,0,0,0,1,13.0,0,0
control_computational_hallucination_run_21,control_computational_hallucination,run_21,29,156,126,4.137931034482759,3,3,1.0,6,0,0,False,False,0,0,0,0,0,2,14.5,0,0
control_computational_hallucination_run_22,control_computational_hallucination,run_22,6,813,808,134.33333333333334,0,0,0.0,0,0,0,False,False,0,0,0,0,0,1,6.0,0,0
control_computational_hallucination_run_23,control_computational_hallucination,run_23,2,852,851,424.5,0,0,0.0,0,0,0,False,False,0,0,0,0,0,1,2.0,0,0
control_computational_hallucination_run_24,control_computational_hallucination,run_24,1,872,872,871.0,0,0,0.0,0,0,0,False,False,0,0,0,0,0,1,1.0,0,0
control_computational_hallucination_run_25,control_computational_hallucination,run_25,82,393,307,3.475609756097561,10,3,3.3333333333333335,13,0,0,False,False,0,0,0,0,0,6,13.333333333333334,0,0
control_computational_hallucination_run_26,control_computational_hallucination,run_26,20,167,145,6.8,1,3,0.3333333333333333,4,0,0,False,False,0,0,0,0,0,8,2.875,0,0
control_computational_hallucination_run_27,control_computational_hallucination,run_27,18,120,101,5.277777777777778,2,2,1.0,4,0,0,False,False,0,0,0,0,0,2,9.0,0,0
control_computational_hallucination_run_28,control_computational_hallucination,run_28,181,724,530,2.734806629834254,10,5,2.0,15,0,1,False,True,0,0,0,0,0,23,8.08695652173913,0,0
control_computational_hallucination_run_29,control_computational_hallucination,run_29,93,662,561,5.849462365591398,5,6,0.8333333333333334,11,0,0,False,False,0,0,0,0,0,12,8.25,0,0
control_computational_hallucination_run_3,control_computational_hallucination,run_3,42,258,215,4.904761904761905,6,0,inf,6,0,0,False,False,2,2,0,1,0,7,6.0,0,0
control_computational_hallucination_run_30,control_computational_hallucination,run_30,183,871,684,3.480874316939891,24,14,1.7142857142857142,38,0,0,False,False,0,0,0,0,0,41,4.7073170731707314,0,0
control_computational_hallucination_run_31,control_computational_hallucination,run_31,154,527,368,2.103896103896104,2,2,1.0,4,0,1,False,True,0,0,0,0,0,26,5.230769230769231,0,0
control_computational_hallucination_run_32,control_computational_hallucination,run_32,89,416,326,3.50561797752809,7,4,1.75,11,0,0,False,False,1,1,0,1,0,11,8.090909090909092,0,0
control_computational_hallucination_run_33,control_computational_hallucination,run_33,24,152,126,5.083333333333333,0,0,0.0,0,0,0,False,False,0,0,0,0,0,6,4.833333333333333,0,0
control_computational_hallucination_run_34,control_computational_hallucination,run_34,70,1188,1115,15.742857142857142,6,1,6.0,7,0,0,False,False,1,1,0,1,0,27,3.2962962962962963,0,0
control_computational_hallucination_run_35,control_computational_hallucination,run_35,56,285,228,3.9107142857142856,4,0,inf,4,0,0,False,False,1,1,0,1,0,7,8.285714285714286,0,0
control_computational_hallucination_run_36,control_computational_hallucination,run_36,45,1120,1069,23.42222222222222,2,0,inf,2,0,0,False,False,0,0,0,0,0,56,1.7142857142857142,0,0
control_computational_hallucination_run_37,control_computational_hallucination,run_37,259,1529,1261,4.698841698841699,19,4,4.75,23,0,0,False,False,0,0,0,0,0,192,2.21875,0,0
control_computational_hallucination_run_38,control_computational_hallucination,run_38,30,865,833,27.4,3,3,1.0,6,0,0,False,False,1,1,0,1,0,3,9.666666666666666,0,0
control_computational_hallucination_run_39,control_computational_hallucination,run_39,123,411,286,2.227642276422764,0,1,0.0,1,0,0,False,False,0,0,0,0,0,7,17.857142857142858,0,0
control_computational_hallucination_run_4,control_computational_hallucination,run_4,41,225,181,4.170731707317073,5,2,2.5,7,0,0,False,False,0,0,0,0,0,6,6.833333333333333,0,1
control_computational_hallucination_run_40,control_computational_hallucination,run_40,104,527,422,3.8653846153846154,10,5,2.0,15,0,0,False,False,1,1,0,0,0,11,9.545454545454545,0,0
control_computational_hallucination_run_41,control_computational_hallucination,run_41,48,251,201,4.0,3,2,1.5,5,0,0,False,False,0,0,0,0,0,5,9.6,0,0
control_computational_hallucination_run_42,control_computational_hallucination,run_42,11,1015,1003,90.63636363636364,0,0,0.0,0,0,0,False,False,0,0,0,0,0,2,5.5,0,0
control_computational_hallucination_run_43,control_computational_hallucination,run_43,1,797,797,794.0,0,0,0.0,0,0,0,False,False,0,0,0,0,0,1,1.0,0,0
control_computational_hallucination_run_44,control_computational_hallucination,run_44,2,921,920,458.5,0,0,0.0,0,0,0,False,False,0,0,0,0,0,1,2.0,0,0
control_computational_hallucination_run_45,control_computational_hallucination,run_45,85,447,361,4.141176470588236,0,0,0.0,0,0,0,False,False,0,0,0,0,0,1,84.0,1,0
control_computational_hallucination_run_46,control_computational_hallucination,run_46,119,567,447,3.6050420168067228,18,3,6.0,21,0,0,False,False,0,0,0,0,0,9,13.222222222222221,0,0
control_computational_hallucination_run_47,control_computational_hallucination,run_47,5,833,829,165.2,0,0,0.0,0,0,0,False,False,0,0,0,0,0,2,3.0,0,0
control_computational_hallucination_run_48,control_computational_hallucination,run_48,5,1027,1025,204.0,0,0,0.0,0,0,0,False,False,0,0,0,0,0,20,1.1,0,0
control_computational_hallucination_run_49,control_computational_hallucination,run_49,17,244,226,12.941176470588236,1,1,1.0,2,0,0,False,False,0,0,0,0,0,8,3.0,0,0
control_computational_hallucination_run_5,control_computational_hallucination,run_5,46,278,231,4.804347826086956,0,2,0.0,2,0,0,False,False,0,0,0,0,0,8,6.125,0,0
control_computational_hallucination_run_6,control_computational_hallucination,run_6,126,592,463,3.4444444444444446,16,11,1.4545454545454546,27,0,0,False,False,0,0,0,0,0,19,6.578947368421052,1,0
control_computational_hallucination_run_7,control_computational_hallucination,run_7,86,482,392,4.244186046511628,2,5,0.4,7,0,0,False,False,0,0,0,0,0,17,5.0588235294117645,0,0
control_computational_hallucination_run_8,control_computational_hallucination,run_8,66,372,306,4.378787878787879,1,1,1.0,2,0,0,False,False,0,0,0,0,0,18,3.7777777777777777,0,0
control_computational_hallucination_run_9,control_computational_hallucination,run_9,196,864,662,3.066326530612245,2,4,0.5,6,0,0,False,False,0,0,0,0,0,37,5.297297297297297,0,0
control_factual_capital_run_0,control_factual_capital,run_0,180,1048,836,3.8333333333333335,1,11,0.09090909090909091,12,0,0,False,False,0,0,0,0,0,38,4.7368421052631575,0,1
control_factual_capital_run_1,control_factual_capital,run_1,69,408,331,4.3768115942028984,1,7,0.14285714285714285,8,0,0,False,False,0,0,0,0,0,7,9.857142857142858,0,1
control_factual_capital_run_10,control_factual_capital,run_10,236,1225,988,4.012711864406779,0,17,0.0,17,0,0,False,False,0,0,0,0,0,21,11.238095238095237,0,7
control_factual_capital_run_11,control_factual_capital,run_11,220,1081,856,3.7,15,20,0.75,35,0,0,False,False,1,1,0,1,0,14,15.714285714285714,0,0
control_factual_capital_run_12,control_factual_capital,run_12,150,859,701,4.32,0,12,0.0,12,0,0,False,False,0,0,0,0,0,10,15.0,0,0
control_factual_capital_run_13,control_factual_capital,run_13,177,815,634,3.4180790960451977,4,4,1.0,8,0,0,False,False,0,0,0,0,0,19,9.421052631578947,0,0
control_factual_capital_run_14,control_factual_capital,run_14,61,388,320,4.639344262295082,0,0,0.0,0,0,0,False,False,0,0,0,0,0,8,7.625,0,0
control_factual_capital_run_15,control_factual_capital,run_15,458,2466,1982,3.7248908296943233,6,8,0.75,14,0,1,False,True,0,0,0,0,0,139,3.366906474820144,2,0
control_factual_capital_run_16,control_factual_capital,run_16,104,531,425,3.875,3,9,0.3333333333333333,12,0,0,False,False,0,0,0,0,0,12,8.75,4,0
control_factual_capital_run_17,control_factual_capital,run_17,52,282,227,3.9615384615384617,0,1,0.0,1,0,0,False,False,0,0,0,0,0,14,3.7142857142857144,0,0
control_factual_capital_run_18,control_factual_capital,run_18,170,932,758,4.235294117647059,0,5,0.0,5,0,0,False,False,0,0,0,0,0,21,8.095238095238095,0,0
control_factual_capital_run_19,control_factual_capital,run_19,109,624,514,4.532110091743119,0,2,0.0,2,0,0,False,False,0,0,0,0,0,11,10.0,0,0
control_factual_capital_run_2,control_factual_capital,run_2,89,502,409,4.325842696629214,4,2,2.0,6,0,0,False,False,0,0,0,0,0,12,7.416666666666667,0,0
control_factual_capital_run_20,control_factual_capital,run_20,177,995,816,4.4576271186440675,0,2,0.0,2,0,0,False,False,0,0,0,0,0,16,11.0625,0,0
control_factual_capital_run_21,control_factual_capital,run_21,66,336,266,3.8484848484848486,5,3,1.6666666666666667,8,0,0,False,False,1,1,0,1,0,5,13.2,0,1
control_factual_capital_run_22,control_factual_capital,run_22,89,579,481,4.842696629213483,0,1,0.0,1,0,0,False,False,0,0,0,0,0,10,8.9,0,0
control_factual_capital_run_23,control_factual_capital,run_23,84,452,364,4.0476190476190474,0,8,0.0,8,0,0,False,False,0,0,0,0,0,12,6.916666666666667,1,0
control_factual_capital_run_24,control_factual_capital,run_24,52,329,271,4.634615384615385,0,0,0.0,0,0,0,False,False,0,0,0,0,0,8,6.625,0,0
control_factual_capital_run_25,control_factual_capital,run_25,160,804,632,3.73125,7,10,0.7,17,0,0,False,False,0,0,0,0,0,17,9.411764705882353,0,2
control_factual_capital_run_26,control_factual_capital,run_26,142,724,578,3.8450704225352115,13,4,3.25,17,0,0,False,False,1,1,0,1,0,17,8.411764705882353,0,0
control_factual_capital_run_27,control_factual_capital,run_27,122,593,467,3.598360655737705,12,11,1.0909090909090908,23,0,0,False,False,0,0,0,0,0,12,10.166666666666666,0,0
control_factual_capital_run_28,control_factual_capital,run_28,95,539,440,4.410526315789474,0,6,0.0,6,0,0,False,False,0,0,0,0,0,10,9.6,0,1
control_factual_capital_run_29,control_factual_capital,run_29,105,590,478,4.123809523809523,0,9,0.0,9,0,0,False,False,0,0,0,0,0,8,13.125,0,0
control_factual_capital_run_3,control_factual_capital,run_3,173,934,756,4.109826589595376,0,12,0.0,12,0,0,False,False,0,0,0,0,0,18,9.61111111111111,0,0
control_factual_capital_run_30,control_factual_capital,run_30,73,364,287,3.780821917808219,0,0,0.0,0,0,0,False,False,0,0,0,0,0,5,14.6,2,0
control_factual_capital_run_31,control_factual_capital,run_31,118,670,547,4.398305084745763,0,5,0.0,5,0,0,False,False,0,0,0,0,0,11,10.727272727272727,0,1
control_factual_capital_run_32,control_factual_capital,run_32,93,623,523,5.129032258064516,1,1,1.0,2,0,0,False,False,0,0,0,0,0,10,9.4,0,0
control_factual_capital_run_33,control_factual_capital,run_33,92,593,494,4.826086956521739,0,0,0.0,0,0,0,False,False,0,0,0,0,0,9,10.333333333333334,0,0
control_factual_capital_run_34,control_factual_capital,run_34,234,1248,1011,4.162393162393163,0,5,0.0,5,0,0,False,False,0,0,0,0,0,21,11.238095238095237,0,0
control_factual_capital_run_35,control_factual_capital,run_35,121,694,572,4.446280991735537,1,0,inf,1,0,0,False,False,0,0,0,0,0,14,8.714285714285714,0,0
control_factual_capital_run_36,control_factual_capital,run_36,84,521,427,4.654761904761905,4,2,2.0,6,0,0,False,False,0,0,0,0,0,9,9.444444444444445,0,0
control_factual_capital_run_37,control_factual_capital,run_37,111,615,499,4.243243243243243,0,3,0.0,3,0,2,False,True,0,0,0,0,0,5,22.2,0,0
control_factual_capital_run_38,control_factual_capital,run_38,136,798,661,4.727941176470588,1,1,1.0,2,0,0,False,False,0,0,0,0,0,16,8.75,0,0
control_factual_capital_run_39,control_factual_capital,run_39,34,218,183,5.176470588235294,1,1,1.0,2,0,0,False,False,0,0,0,0,0,6,6.0,0,0
control_factual_capital_run_4,control_factual_capital,run_4,79,413,330,3.949367088607595,4,7,0.5714285714285714,11,0,0,False,False,0,0,0,0,0,4,19.75,0,0
control_factual_capital_run_40,control_factual_capital,run_40,143,768,620,4.083916083916084,1,4,0.25,5,0,0,False,False,0,0,0,0,0,10,14.3,0,0
control_factual_capital_run_41,control_factual_capital,run_41,35,187,150,4.0285714285714285,1,1,1.0,2,0,0,False,False,0,0,0,0,0,5,7.2,0,0
control_factual_capital_run_42,control_factual_capital,run_42,61,328,261,3.8524590163934427,1,2,0.5,3,0,2,False,True,0,0,0,0,0,7,8.714285714285714,0,0
control_factual_capital_run_43,control_factual_capital,run_43,132,688,546,3.909090909090909,3,6,0.5,9,0,0,False,False,0,0,0,0,0,14,9.5,0,0
control_factual_capital_run_44,control_factual_capital,run_44,687,3140,2420,3.2634643377001455,62,10,6.2,72,0,1,False,True,1,1,0,1,0,107,6.4672897196261685,11,7
control_factual_capital_run_45,control_factual_capital,run_45,107,566,454,4.018691588785047,3,4,0.75,7,0,0,False,False,0,0,0,0,0,7,15.285714285714286,0,0
control_factual_capital_run_46,control_factual_capital,run_46,258,1248,987,3.697674418604651,2,5,0.4,7,0,0,False,False,0,0,0,0,0,18,14.38888888888889,0,0
control_factual_capital_run_47,control_factual_capital,run_47,96,595,491,4.666666666666667,4,0,inf,4,0,0,False,False,0,0,0,0,0,11,8.727272727272727,0,0
control_factual_capital_run_48,control_factual_capital,run_48,83,489,398,4.301204819277109,2,1,2.0,3,0,0,False,False,0,0,0,0,0,10,8.4,0,0
control_factual_capital_run_49,control_factual_capital,run_49,107,556,447,3.925233644859813,2,8,0.25,10,0,0,False,False,0,0,0,0,0,17,6.294117647058823,2,0
control_factual_capital_run_5,control_factual_capital,run_5,88,467,373,3.9318181818181817,8,3,2.6666666666666665,11,0,0,False,False,1,1,0,1,0,10,8.9,0,0
control_factual_capital_run_6,control_factual_capital,run_6,63,385,315,4.396825396825397,0,0,0.0,0,0,0,False,False,0,0,0,0,0,10,6.4,0,0
control_factual_capital_run_7,control_factual_capital,run_7,127,575,442,3.188976377952756,7,5,1.4,12,0,0,False,False,1,1,0,1,0,22,5.7727272727272725,5,0
control_factual_capital_run_8,control_factual_capital,run_8,188,1014,819,4.095744680851064,10,2,5.0,12,0,0,False,False,0,0,0,0,0,25,7.56,0,0
control_factual_capital_run_9,control_factual_capital,run_9,70,434,360,4.885714285714286,0,2,0.0,2,0,0,False,False,0,0,0,0,0,7,10.428571428571429,0,0
control_technical_explanation_run_0,control_technical_explanation,run_0,218,1161,940,4.146788990825688,23,10,2.3,33,0,0,False,False,0,0,0,0,0,15,14.533333333333333,0,0
control_technical_explanation_run_1,control_technical_explanation,run_1,226,1092,858,3.588495575221239,26,8,3.25,34,0,1,False,True,1,1,0,1,0,18,12.555555555555555,1,0
control_technical_explanation_run_10,control_technical_explanation,run_10,200,915,713,3.425,31,15,2.066666666666667,46,0,0,False,False,2,2,0,1,0,16,12.5,0,0
control_technical_explanation_run_11,control_technical_explanation,run_11,334,1797,1462,4.233532934131737,23,13,1.7692307692307692,36,0,0,False,False,1,1,0,1,0,19,17.57894736842105,0,0
control_technical_explanation_run_12,control_technical_explanation,run_12,433,2271,1825,4.046189376443418,31,20,1.55,51,0,2,False,True,1,1,0,1,0,28,15.464285714285714,0,0
control_technical_explanation_run_13,control_technical_explanation,run_13,106,503,395,3.5377358490566038,20,4,5.0,24,0,0,False,False,0,0,0,0,0,9,11.777777777777779,0,0
control_technical_explanation_run_14,control_technical_explanation,run_14,164,954,785,4.536585365853658,14,7,2.0,21,0,0,False,False,2,2,0,1,1,12,13.666666666666666,0,0
control_technical_explanation_run_15,control_technical_explanation,run_15,125,625,499,3.816,14,8,1.75,22,0,0,False,False,0,0,0,0,0,11,11.363636363636363,0,0
control_technical_explanation_run_16,control_technical_explanation,run_16,188,1056,859,4.3563829787234045,12,9,1.3333333333333333,21,0,3,False,True,0,0,0,0,0,12,15.666666666666666,0,0
control_technical_explanation_run_17,control_technical_explanation,run_17,124,638,513,4.040322580645161,13,5,2.6,18,0,0,False,False,0,0,0,0,0,8,15.5,0,0
control_technical_explanation_run_18,control_technical_explanation,run_18,211,1106,892,4.090047393364929,15,8,1.875,23,0,0,False,False,0,0,0,0,0,21,10.047619047619047,0,0
control_technical_explanation_run_19,control_technical_explanation,run_19,327,1634,1304,3.7889908256880735,39,9,4.333333333333333,48,0,0,False,False,1,1,0,1,0,29,11.275862068965518,0,0
control_technical_explanation_run_2,control_technical_explanation,run_2,174,842,666,3.7241379310344827,12,7,1.7142857142857142,19,0,0,False,False,0,0,0,0,0,9,19.333333333333332,0,0
control_technical_explanation_run_20,control_technical_explanation,run_20,228,1290,1055,4.447368421052632,8,13,0.6153846153846154,21,0,0,False,False,0,0,0,0,0,14,16.285714285714285,0,0
control_technical_explanation_run_21,control_technical_explanation,run_21,244,1256,1010,3.9959016393442623,19,9,2.111111111111111,28,0,0,False,False,0,0,0,0,0,23,10.652173913043478,0,0
control_technical_explanation_run_22,control_technical_explanation,run_22,450,2295,1838,3.94,53,19,2.789473684210526,72,0,0,False,False,1,1,0,1,0,37,12.162162162162161,1,0
control_technical_explanation_run_23,control_technical_explanation,run_23,174,916,738,4.074712643678161,18,14,1.2857142857142858,32,0,0,False,False,0,0,0,0,0,10,17.4,0,0
control_technical_explanation_run_24,control_technical_explanation,run_24,218,1134,914,4.055045871559633,24,10,2.4,34,0,0,False,False,1,1,0,1,0,15,14.533333333333333,0,0
control_technical_explanation_run_25,control_technical_explanation,run_25,242,1325,1084,4.3264462809917354,24,6,4.0,30,0,0,False,False,0,0,0,0,0,23,10.521739130434783,0,0
control_technical_explanation_run_26,control_technical_explanation,run_26,263,1319,1053,3.8669201520912546,28,4,7.0,32,0,0,False,False,0,0,0,0,0,14,18.785714285714285,0,0
control_technical_explanation_run_27,control_technical_explanation,run_27,233,1170,936,3.836909871244635,27,9,3.0,36,0,0,False,False,2,2,0,1,1,18,12.944444444444445,0,0
control_technical_explanation_run_28,control_technical_explanation,run_28,139,666,528,3.6546762589928057,21,8,2.625,29,0,0,False,False,1,1,0,1,0,16,8.6875,0,0
control_technical_explanation_run_29,control_technical_explanation,run_29,280,1483,1197,4.139285714285714,26,17,1.5294117647058822,43,0,0,False,False,1,1,0,1,0,17,16.470588235294116,0,0
control_technical_explanation_run_3,control_technical_explanation,run_3,239,1169,923,3.6569037656903767,31,5,6.2,36,0,0,False,False,1,1,0,1,0,19,12.578947368421053,0,1
control_technical_explanation_run_30,control_technical_explanation,run_30,287,1423,1132,3.794425087108014,29,15,1.9333333333333333,44,0,0,False,False,0,0,0,0,0,17,16.88235294117647,0,1
control_technical_explanation_run_31,control_technical_explanation,run_31,137,706,566,3.9708029197080292,18,4,4.5,22,0,0,False,False,1,1,0,1,0,11,12.454545454545455,0,0
control_technical_explanation_run_32,control_technical_explanation,run_32,219,1103,882,3.8493150684931505,20,14,1.4285714285714286,34,0,0,False,False,0,0,0,0,0,14,15.714285714285714,0,0
control_technical_explanation_run_33,control_technical_explanation,run_33,145,780,631,4.151724137931034,20,7,2.857142857142857,27,0,0,False,False,0,0,0,0,0,10,14.5,0,0
control_technical_explanation_run_34,control_technical_explanation,run_34,314,1562,1247,3.821656050955414,30,16,1.875,46,0,0,False,False,0,0,0,0,0,27,11.62962962962963,0,0
control_technical_explanation_run_35,control_technical_explanation,run_35,199,1015,813,3.949748743718593,17,10,1.7,27,0,0,False,False,0,0,0,0,0,12,16.583333333333332,0,0
control_technical_explanation_run_36,control_technical_explanation,run_36,154,758,603,3.8051948051948052,13,9,1.4444444444444444,22,0,0,False,False,1,1,0,1,0,6,25.666666666666668,0,0
control_technical_explanation_run_37,control_technical_explanation,run_37,197,993,792,3.8781725888324874,23,4,5.75,27,0,1,False,True,0,0,0,0,0,13,15.153846153846153,0,1
control_technical_explanation_run_38,control_technical_explanation,run_38,171,850,677,3.8128654970760234,17,8,2.125,25,0,0,False,False,1,1,0,1,0,12,14.25,0,0
control_technical_explanation_run_39,control_technical_explanation,run_39,190,986,792,3.9842105263157896,23,4,5.75,27,0,0,False,False,0,0,0,0,0,12,15.833333333333334,0,0
control_technical_explanation_run_4,control_technical_explanation,run_4,156,769,610,3.7115384615384617,19,7,2.7142857142857144,26,0,0,False,False,3,3,0,1,0,10,15.6,0,0
control_technical_explanation_run_40,control_technical_explanation,run_40,195,919,719,3.4410256410256412,38,15,2.533333333333333,53,0,0,False,False,0,0,0,0,0,17,11.470588235294118,0,1
control_technical_explanation_run_41,control_technical_explanation,run_41,175,942,766,4.137142857142857,21,1,21.0,22,0,0,False,False,0,0,0,0,0,22,7.954545454545454,0,0
control_technical_explanation_run_42,control_technical_explanation,run_42,282,1460,1174,3.9858156028368796,30,21,1.4285714285714286,51,0,0,False,False,2,2,1,1,0,24,11.75,0,1
control_technical_explanation_run_43,control_technical_explanation,run_43,121,691,568,4.471074380165289,9,1,9.0,10,0,1,False,True,0,0,0,0,0,7,17.285714285714285,0,1
control_technical_explanation_run_44,control_technical_explanation,run_44,266,1269,1000,3.601503759398496,36,8,4.5,44,0,0,False,False,0,0,0,0,0,21,12.666666666666666,0,1
control_technical_explanation_run_45,control_technical_explanation,run_45,256,1256,997,3.76171875,30,11,2.727272727272727,41,0,0,False,False,3,3,0,1,1,18,14.222222222222221,0,0
control_technical_explanation_run_46,control_technical_explanation,run_46,165,807,640,3.709090909090909,20,6,3.3333333333333335,26,0,0,False,False,0,0,0,0,0,12,13.75,0,0
control_technical_explanation_run_47,control_technical_explanation,run_47,225,1125,899,3.7644444444444445,22,15,1.4666666666666666,37,0,0,False,False,0,0,0,0,0,15,15.0,0,0
control_technical_explanation_run_48,control_technical_explanation,run_48,203,1057,851,4.068965517241379,20,7,2.857142857142857,27,0,0,False,False,0,0,0,0,0,17,11.941176470588236,0,0
control_technical_explanation_run_49,control_technical_explanation,run_49,169,842,672,3.828402366863905,18,6,3.0,24,0,0,False,False,1,1,0,1,0,9,18.77777777777778,0,0
control_technical_explanation_run_5,control_technical_explanation,run_5,143,634,492,3.2797202797202796,30,5,6.0,35,0,0,False,False,3,3,1,2,0,17,8.470588235294118,0,0
control_technical_explanation_run_6,control_technical_explanation,run_6,291,1521,1225,4.0756013745704465,38,12,3.1666666666666665,50,0,0,False,False,1,1,0,0,0,20,14.55,0,0
control_technical_explanation_run_7,control_technical_explanation,run_7,193,897,705,3.5025906735751295,37,1,37.0,38,0,0,False,False,1,1,0,1,0,23,8.391304347826088,0,4
control_technical_explanation_run_8,control_technical_explanation,run_8,186,948,759,3.9086021505376345,27,10,2.7,37,0,2,False,True,1,1,0,1,0,18,10.444444444444445,0,0
control_technical_explanation_run_9,control_technical_explanation,run_9,157,770,612,3.770700636942675,11,7,1.5714285714285714,18,0,0,False,False,1,1,0,1,0,8,19.625,0,0
creative_bridge_comparison_run_0,creative_bridge_comparison,run_0,249,1535,1274,4.381526104417671,9,0,inf,9,0,0,False,False,0,0,0,0,0,31,7.612903225806452,0,0
creative_bridge_comparison_run_1,creative_bridge_comparison,run_1,97,518,413,3.783505154639175,0,4,0.0,4,0,0,False,False,0,0,0,0,0,9,10.777777777777779,0,0
creative_bridge_comparison_run_10,creative_bridge_comparison,run_10,106,371,259,2.150943396226415,0,1,0.0,1,0,1,False,True,0,0,0,0,0,15,7.066666666666666,0,0
creative_bridge_comparison_run_11,creative_bridge_comparison,run_11,216,1155,938,4.180555555555555,0,2,0.0,2,0,0,False,False,0,0,0,0,0,18,12.0,0,0
creative_bridge_comparison_run_12,creative_bridge_comparison,run_12,70,873,800,10.214285714285714,2,0,inf,2,0,0,False,False,0,0,0,0,0,128,1.28125,0,0
creative_bridge_comparison_run_13,creative_bridge_comparison,run_13,218,1069,844,3.665137614678899,21,12,1.75,33,0,0,False,False,0,0,0,0,0,29,7.517241379310345,0,0
creative_bridge_comparison_run_14,creative_bridge_comparison,run_14,32,161,126,3.65625,4,0,inf,4,0,0,False,False,0,0,0,0,0,3,10.666666666666666,0,0
creative_bridge_comparison_run_15,creative_bridge_comparison,run_15,119,532,407,3.277310924369748,9,7,1.2857142857142858,16,0,0,False,False,1,1,0,1,0,7,17.142857142857142,0,0
creative_bridge_comparison_run_16,creative_bridge_comparison,run_16,112,519,400,3.125,14,8,1.75,22,0,0,False,False,0,0,0,0,0,9,12.444444444444445,0,0
creative_bridge_comparison_run_17,creative_bridge_comparison,run_17,269,2132,1854,6.100371747211896,16,6,2.6666666666666665,22,0,0,False,False,0,0,0,0,0,265,1.7320754716981133,9,1
creative_bridge_comparison_run_18,creative_bridge_comparison,run_18,28,150,116,3.392857142857143,7,0,inf,7,0,0,False,False,1,1,0,1,0,4,7.0,0,0
creative_bridge_comparison_run_19,creative_bridge_comparison,run_19,148,702,553,3.581081081081081,16,8,2.0,24,0,0,False,False,0,0,0,0,0,11,13.454545454545455,0,0
creative_bridge_comparison_run_2,creative_bridge_comparison,run_2,294,1381,1085,3.4523809523809526,42,23,1.826086956521739,65,0,0,False,False,3,2,0,2,0,45,6.533333333333333,1,0
creative_bridge_comparison_run_20,creative_bridge_comparison,run_20,112,600,486,4.125,18,4,4.5,22,0,0,False,False,0,0,0,0,0,12,9.333333333333334,0,0
creative_bridge_comparison_run_21,creative_bridge_comparison,run_21,81,460,372,4.074074074074074,1,5,0.2,6,4,0,True,False,0,0,0,0,0,17,4.882352941176471,0,0
creative_bridge_comparison_run_22,creative_bridge_comparison,run_22,284,1208,921,3.0598591549295775,28,13,2.1538461538461537,41,0,0,False,False,0,0,0,0,0,43,6.604651162790698,1,3
creative_bridge_comparison_run_23,creative_bridge_comparison,run_23,121,531,406,3.0991735537190084,22,6,3.6666666666666665,28,0,0,False,False,1,1,0,1,0,15,8.066666666666666,0,0
creative_bridge_comparison_run_24,creative_bridge_comparison,run_24,88,453,359,3.6931818181818183,0,2,0.0,2,0,0,False,False,0,0,0,0,0,9,9.777777777777779,0,0
creative_bridge_comparison_run_25,creative_bridge_comparison,run_25,185,809,610,2.9405405405405407,24,3,8.0,27,0,0,False,False,1,1,0,1,0,6,30.833333333333332,2,0
creative_bridge_comparison_run_26,creative_bridge_comparison,run_26,197,857,659,3.213197969543147,10,6,1.6666666666666667,16,0,0,False,False,0,0,0,0,0,18,10.944444444444445,0,0
creative_bridge_comparison_run_27,creative_bridge_comparison,run_27,153,651,499,3.1372549019607843,20,5,4.0,25,0,0,False,False,0,0,0,0,0,17,9.058823529411764,0,0
creative_bridge_comparison_run_28,creative_bridge_comparison,run_28,133,661,527,3.789473684210526,5,5,1.0,10,0,0,False,False,0,0,0,0,0,9,14.777777777777779,0,0
creative_bridge_comparison_run_29,creative_bridge_comparison,run_29,38,178,135,3.3421052631578947,3,0,inf,3,0,0,False,False,1,1,0,1,0,3,13.0,0,0
creative_bridge_comparison_run_3,creative_bridge_comparison,run_3,202,989,782,3.5495049504950495,31,19,1.631578947368421,50,0,0,False,False,0,0,0,0,0,45,4.488888888888889,0,1
creative_bridge_comparison_run_30,creative_bridge_comparison,run_30,101,524,414,3.633663366336634,15,0,inf,15,0,0,False,False,0,0,0,0,0,8,12.625,0,0
creative_bridge_comparison_run_31,creative_bridge_comparison,run_31,135,667,531,3.785185185185185,7,12,0.5833333333333334,19,0,0,False,False,1,1,0,1,0,9,15.0,0,0
creative_bridge_comparison_run_32,creative_bridge_comparison,run_32,98,442,341,3.1020408163265305,8,3,2.6666666666666665,11,0,0,False,False,0,0,0,0,0,18,5.444444444444445,0,1
creative_bridge_comparison_run_33,creative_bridge_comparison,run_33,160,643,469,2.53125,15,0,inf,15,0,1,False,True,1,1,0,1,0,27,5.888888888888889,0,0
creative_bridge_comparison_run_34,creative_bridge_comparison,run_34,145,673,525,3.406896551724138,15,2,7.5,17,0,0,False,False,0,0,0,0,0,13,11.153846153846153,0,0
creative_bridge_comparison_run_35,creative_bridge_comparison,run_35,134,753,618,4.447761194029851,0,4,0.0,4,0,0,False,False,0,0,0,0,0,16,8.375,0,0
creative_bridge_comparison_run_36,creative_bridge_comparison,run_36,122,638,511,3.9098360655737703,1,2,0.5,3,0,0,False,False,0,0,0,0,0,10,12.2,0,0
creative_bridge_comparison_run_37,creative_bridge_comparison,run_37,150,710,559,3.486666666666667,27,7,3.857142857142857,34,0,0,False,False,0,0,0,0,0,28,5.357142857142857,0,0
creative_bridge_comparison_run_38,creative_bridge_comparison,run_38,435,5154,4714,10.53103448275862,16,5,3.2,21,0,0,False,False,1,1,0,1,0,40,10.7,1,2
creative_bridge_comparison_run_39,creative_bridge_comparison,run_39,82,368,284,3.182926829268293,0,1,0.0,1,0,0,False,False,0,0,0,0,0,18,4.555555555555555,0,0
creative_bridge_comparison_run_4,creative_bridge_comparison,run_4,257,1173,901,3.2490272373540856,0,11,0.0,11,0,0,False,False,0,0,0,0,0,32,8.0,1,8
creative_bridge_comparison_run_40,creative_bridge_comparison,run_40,123,551,427,3.317073170731707,17,5,3.4,22,0,0,False,False,0,0,0,0,0,16,7.6875,0,0
creative_bridge_comparison_run_41,creative_bridge_comparison,run_41,312,1323,1006,2.980769230769231,33,8,4.125,41,0,0,False,False,0,0,0,0,0,45,6.711111111111111,13,0
creative_bridge_comparison_run_42,creative_bridge_comparison,run_42,205,944,734,3.3804878048780487,1,23,0.043478260869565216,24,0,0,False,False,0,0,0,0,0,21,9.666666666666666,4,0
creative_bridge_comparison_run_43,creative_bridge_comparison,run_43,222,1101,876,3.7432432432432434,28,7,4.0,35,0,0,False,False,1,1,0,1,0,41,5.682926829268292,0,0
creative_bridge_comparison_run_44,creative_bridge_comparison,run_44,89,454,357,3.49438202247191,0,0,0.0,0,0,0,False,False,0,0,0,0,0,8,11.125,0,0
creative_bridge_comparison_run_45,creative_bridge_comparison,run_45,205,892,681,3.0146341463414634,0,1,0.0,1,0,0,False,False,0,0,0,0,0,36,5.722222222222222,0,0
creative_bridge_comparison_run_46,creative_bridge_comparison,run_46,137,747,596,3.795620437956204,1,8,0.125,9,0,0,False,False,0,0,0,0,0,7,19.571428571428573,2,0
creative_bridge_comparison_run_47,creative_bridge_comparison,run_47,75,389,307,3.6533333333333333,2,2,1.0,4,0,0,False,False,0,0,0,0,0,10,7.7,0,3
creative_bridge_comparison_run_48,creative_bridge_comparison,run_48,152,642,489,3.0921052631578947,20,13,1.5384615384615385,33,0,0,False,False,0,0,0,0,0,10,15.2,0,0
creative_bridge_comparison_run_49,creative_bridge_comparison,run_49,178,881,701,3.7134831460674156,20,3,6.666666666666667,23,0,0,False,False,0,0,0,0,0,22,8.090909090909092,0,0
creative_bridge_comparison_run_5,creative_bridge_comparison,run_5,110,493,380,3.1818181818181817,10,4,2.5,14,0,0,False,False,0,0,0,0,0,21,5.238095238095238,0,0
creative_bridge_comparison_run_6,creative_bridge_comparison,run_6,121,597,461,3.4132231404958677,16,6,2.6666666666666665,22,0,0,False,False,0,0,0,0,0,11,11.0,0,0
creative_bridge_comparison_run_7,creative_bridge_comparison,run_7,269,1156,885,3.059479553903346,28,11,2.5454545454545454,39,0,0,False,False,3,3,0,2,0,32,8.375,1,4
creative_bridge_comparison_run_8,creative_bridge_comparison,run_8,160,736,576,3.1625,4,2,2.0,6,0,0,False,False,0,0,0,0,0,28,5.464285714285714,1,0
creative_bridge_comparison_run_9,creative_bridge_comparison,run_9,1,771,771,770.0,0,0,0.0,0,0,0,False,False,0,0,0,0,0,4,1.0,0,0
phenomenological_probe_ambiguity_run_0,phenomenological_probe_ambiguity,run_0,96,405,308,3.0416666666666665,20,5,4.0,25,0,0,False,False,2,2,0,1,0,11,8.727272727272727,0,0
phenomenological_probe_ambiguity_run_1,phenomenological_probe_ambiguity,run_1,160,816,654,3.9125,21,5,4.2,26,0,0,False,False,2,2,0,1,1,11,14.545454545454545,0,0
phenomenological_probe_ambiguity_run_10,phenomenological_probe_ambiguity,run_10,101,467,367,3.485148514851485,16,5,3.2,21,0,0,False,False,0,0,0,0,0,9,11.222222222222221,0,0
phenomenological_probe_ambiguity_run_11,phenomenological_probe_ambiguity,run_11,126,626,496,3.746031746031746,15,6,2.5,21,0,0,False,False,0,0,0,0,0,10,12.6,0,0
phenomenological_probe_ambiguity_run_12,phenomenological_probe_ambiguity,run_12,98,505,406,3.9693877551020407,13,0,inf,13,0,0,False,False,2,2,0,1,0,10,9.8,0,0
phenomenological_probe_ambiguity_run_13,phenomenological_probe_ambiguity,run_13,215,1071,853,3.7906976744186047,31,14,2.2142857142857144,45,0,0,False,False,1,1,0,1,0,16,13.4375,1,0
phenomenological_probe_ambiguity_run_14,phenomenological_probe_ambiguity,run_14,148,706,556,3.5878378378378377,22,1,22.0,23,0,0,False,False,2,2,0,1,0,14,10.571428571428571,0,1
phenomenological_probe_ambiguity_run_15,phenomenological_probe_ambiguity,run_15,172,929,753,4.203488372093023,24,8,3.0,32,0,0,False,False,1,1,0,1,0,13,13.23076923076923,0,2
phenomenological_probe_ambiguity_run_16,phenomenological_probe_ambiguity,run_16,265,1326,1059,3.822641509433962,33,13,2.5384615384615383,46,0,0,False,False,1,1,0,1,0,27,9.814814814814815,0,0
phenomenological_probe_ambiguity_run_17,phenomenological_probe_ambiguity,run_17,123,655,531,4.195121951219512,14,6,2.3333333333333335,20,0,0,False,False,0,0,0,0,0,10,12.3,0,0
phenomenological_probe_ambiguity_run_18,phenomenological_probe_ambiguity,run_18,201,992,788,3.771144278606965,25,7,3.5714285714285716,32,0,0,False,False,1,1,0,1,0,11,18.272727272727273,0,0
phenomenological_probe_ambiguity_run_19,phenomenological_probe_ambiguity,run_19,186,919,732,3.736559139784946,17,12,1.4166666666666667,29,0,0,False,False,2,2,0,1,0,29,6.413793103448276,0,0
phenomenological_probe_ambiguity_run_2,phenomenological_probe_ambiguity,run_2,145,704,553,3.5724137931034483,24,4,6.0,28,0,0,False,False,1,1,0,1,0,13,11.153846153846153,0,0
phenomenological_probe_ambiguity_run_20,phenomenological_probe_ambiguity,run_20,213,1029,813,3.6056338028169015,25,7,3.5714285714285716,32,0,0,False,False,0,0,0,0,0,34,6.264705882352941,5,1
phenomenological_probe_ambiguity_run_21,phenomenological_probe_ambiguity,run_21,105,548,438,3.876190476190476,8,5,1.6,13,0,0,False,False,1,1,0,1,0,9,11.666666666666666,0,0
phenomenological_probe_ambiguity_run_22,phenomenological_probe_ambiguity,run_22,192,982,789,3.9322916666666665,31,8,3.875,39,0,0,False,False,2,1,0,2,0,12,16.0,0,0
phenomenological_probe_ambiguity_run_23,phenomenological_probe_ambiguity,run_23,246,1388,1138,4.463414634146342,21,13,1.6153846153846154,34,0,0,False,False,0,0,0,0,0,14,17.571428571428573,0,0
phenomenological_probe_ambiguity_run_24,phenomenological_probe_ambiguity,run_24,132,631,497,3.6136363636363638,14,9,1.5555555555555556,23,0,0,False,False,0,0,0,0,0,11,12.0,0,0
phenomenological_probe_ambiguity_run_25,phenomenological_probe_ambiguity,run_25,112,625,511,4.366071428571429,13,9,1.4444444444444444,22,0,0,False,False,0,0,0,0,0,9,12.444444444444445,0,0
phenomenological_probe_ambiguity_run_26,phenomenological_probe_ambiguity,run_26,135,709,573,4.0814814814814815,17,3,5.666666666666667,20,0,0,False,False,0,0,0,0,0,11,12.272727272727273,0,0
phenomenological_probe_ambiguity_run_27,phenomenological_probe_ambiguity,run_27,171,891,716,4.046783625730995,17,8,2.125,25,1,0,True,False,1,1,0,1,0,14,12.214285714285714,0,0
phenomenological_probe_ambiguity_run_28,phenomenological_probe_ambiguity,run_28,181,882,699,3.751381215469613,19,8,2.375,27,0,0,False,False,0,0,0,0,0,10,18.1,4,0
phenomenological_probe_ambiguity_run_29,phenomenological_probe_ambiguity,run_29,197,1003,807,3.9746192893401013,0,28,0.0,28,0,0,False,False,0,0,0,0,0,16,12.3125,0,0
phenomenological_probe_ambiguity_run_3,phenomenological_probe_ambiguity,run_3,176,914,734,4.017045454545454,14,9,1.5555555555555556,23,0,0,False,False,1,1,0,1,0,10,17.6,0,0
phenomenological_probe_ambiguity_run_30,phenomenological_probe_ambiguity,run_30,248,1219,970,3.7661290322580645,24,12,2.0,36,0,0,False,False,2,2,0,2,0,17,14.705882352941176,0,0
phenomenological_probe_ambiguity_run_31,phenomenological_probe_ambiguity,run_31,329,1688,1355,3.966565349544073,24,25,0.96,49,0,0,False,False,2,2,0,1,0,28,11.785714285714286,1,0
phenomenological_probe_ambiguity_run_32,phenomenological_probe_ambiguity,run_32,60,296,235,3.7,6,2,3.0,8,0,0,False,False,0,0,0,0,0,5,12.0,0,0
phenomenological_probe_ambiguity_run_33,phenomenological_probe_ambiguity,run_33,217,1253,1034,4.640552995391705,0,12,0.0,12,0,0,False,False,0,0,0,0,0,14,15.5,0,0
phenomenological_probe_ambiguity_run_34,phenomenological_probe_ambiguity,run_34,233,1126,892,3.686695278969957,27,7,3.857142857142857,34,0,0,False,False,0,0,0,0,0,17,13.764705882352942,1,0
phenomenological_probe_ambiguity_run_35,phenomenological_probe_ambiguity,run_35,116,577,460,3.810344827586207,16,4,4.0,20,0,0,False,False,1,1,0,1,0,9,13.0,0,0
phenomenological_probe_ambiguity_run_36,phenomenological_probe_ambiguity,run_36,154,739,582,3.5584415584415585,23,9,2.5555555555555554,32,0,0,False,False,0,0,0,0,0,23,6.695652173913044,0,0
phenomenological_probe_ambiguity_run_37,phenomenological_probe_ambiguity,run_37,191,961,769,3.8481675392670156,21,8,2.625,29,0,0,False,False,2,2,0,1,0,25,7.64,0,0
phenomenological_probe_ambiguity_run_38,phenomenological_probe_ambiguity,run_38,83,375,291,3.2289156626506026,19,3,6.333333333333333,22,0,0,False,False,0,0,0,0,0,19,4.368421052631579,0,0
phenomenological_probe_ambiguity_run_39,phenomenological_probe_ambiguity,run_39,91,498,406,4.2967032967032965,10,1,10.0,11,0,0,False,False,0,0,0,0,0,7,13.0,0,0
phenomenological_probe_ambiguity_run_4,phenomenological_probe_ambiguity,run_4,150,760,609,3.9466666666666668,18,7,2.5714285714285716,25,0,0,False,False,0,0,0,0,0,8,18.75,0,0
phenomenological_probe_ambiguity_run_40,phenomenological_probe_ambiguity,run_40,133,607,472,3.406015037593985,24,5,4.8,29,0,0,False,False,1,1,0,1,0,16,8.375,0,0
phenomenological_probe_ambiguity_run_41,phenomenological_probe_ambiguity,run_41,130,740,609,4.538461538461538,10,5,2.0,15,0,0,False,False,0,0,0,0,0,6,21.666666666666668,0,0
phenomenological_probe_ambiguity_run_42,phenomenological_probe_ambiguity,run_42,117,581,465,3.888888888888889,11,8,1.375,19,0,0,False,False,1,1,0,1,0,6,19.5,0,0
phenomenological_probe_ambiguity_run_43,phenomenological_probe_ambiguity,run_43,124,676,551,4.32258064516129,12,6,2.0,18,0,0,False,False,0,0,0,0,0,8,15.5,0,0
phenomenological_probe_ambiguity_run_44,phenomenological_probe_ambiguity,run_44,198,926,729,3.525252525252525,37,5,7.4,42,0,0,False,False,1,1,0,1,0,26,7.615384615384615,0,0
phenomenological_probe_ambiguity_run_45,phenomenological_probe_ambiguity,run_45,140,697,556,3.85,17,3,5.666666666666667,20,0,0,False,False,1,1,0,1,0,8,17.5,0,0
phenomenological_probe_ambiguity_run_46,phenomenological_probe_ambiguity,run_46,127,635,505,3.8188976377952755,15,6,2.5,21,0,0,False,False,3,2,0,1,2,5,25.4,0,0
phenomenological_probe_ambiguity_run_47,phenomenological_probe_ambiguity,run_47,136,665,530,3.7426470588235294,19,3,6.333333333333333,22,0,0,False,False,2,2,0,1,0,17,8.0,0,0
phenomenological_probe_ambiguity_run_48,phenomenological_probe_ambiguity,run_48,172,909,732,4.069767441860465,18,5,3.6,23,0,0,False,False,1,1,0,1,0,9,19.11111111111111,0,0
phenomenological_probe_ambiguity_run_49,phenomenological_probe_ambiguity,run_49,226,952,722,3.0309734513274336,37,14,2.642857142857143,51,0,0,False,False,1,1,0,1,0,26,8.692307692307692,1,0
phenomenological_probe_ambiguity_run_5,phenomenological_probe_ambiguity,run_5,151,735,583,3.7218543046357615,22,7,3.142857142857143,29,0,0,False,False,1,1,0,0,1,14,10.785714285714286,0,0
phenomenological_probe_ambiguity_run_6,phenomenological_probe_ambiguity,run_6,255,1328,1068,3.9450980392156865,46,13,3.5384615384615383,59,0,0,False,False,3,2,0,1,0,35,7.285714285714286,0,0
phenomenological_probe_ambiguity_run_7,phenomenological_probe_ambiguity,run_7,280,1340,1059,3.607142857142857,36,9,4.0,45,0,0,False,False,2,2,0,1,1,16,17.5,0,0
phenomenological_probe_ambiguity_run_8,phenomenological_probe_ambiguity,run_8,137,659,520,3.6204379562043796,22,9,2.4444444444444446,31,0,0,False,False,2,2,0,1,0,12,11.416666666666666,0,0
phenomenological_probe_ambiguity_run_9,phenomenological_probe_ambiguity,run_9,151,732,578,3.6556291390728477,19,13,1.4615384615384615,32,0,0,False,False,1,1,0,1,0,17,9.0,1,0
phenomenological_probe_next_token_run_0,phenomenological_probe_next_token,run_0,74,325,249,3.135135135135135,7,0,inf,7,0,0,False,False,0,0,0,0,0,14,5.357142857142857,0,1
phenomenological_probe_next_token_run_1,phenomenological_probe_next_token,run_1,265,1302,1036,3.792452830188679,25,30,0.8333333333333334,55,0,0,False,False,0,0,0,0,0,21,12.666666666666666,0,0
phenomenological_probe_next_token_run_10,phenomenological_probe_next_token,run_10,217,1061,842,3.7557603686635943,26,9,2.888888888888889,35,0,0,False,False,1,1,0,0,0,15,14.533333333333333,0,0
phenomenological_probe_next_token_run_11,phenomenological_probe_next_token,run_11,168,1614,1444,8.488095238095237,23,2,11.5,25,0,0,False,False,0,0,0,0,0,10,17.0,0,0
phenomenological_probe_next_token_run_12,phenomenological_probe_next_token,run_12,171,781,611,3.461988304093567,22,12,1.8333333333333333,34,0,0,False,False,0,0,0,0,0,18,9.5,0,11
phenomenological_probe_next_token_run_13,phenomenological_probe_next_token,run_13,115,665,543,4.452173913043478,14,0,inf,14,0,0,False,False,0,0,0,0,0,20,5.8,0,0
phenomenological_probe_next_token_run_14,phenomenological_probe_next_token,run_14,239,998,753,2.9539748953974896,33,11,3.0,44,0,0,False,False,2,2,0,1,0,23,10.608695652173912,0,0
phenomenological_probe_next_token_run_15,phenomenological_probe_next_token,run_15,136,1471,1333,9.580882352941176,21,24,0.875,45,0,0,False,False,0,0,0,0,0,15,9.066666666666666,0,0
phenomenological_probe_next_token_run_16,phenomenological_probe_next_token,run_16,251,1314,1057,4.047808764940239,28,11,2.5454545454545454,39,0,0,False,False,0,0,0,0,0,28,9.071428571428571,0,0
phenomenological_probe_next_token_run_17,phenomenological_probe_next_token,run_17,413,1958,1541,3.5447941888619856,58,23,2.5217391304347827,81,0,0,False,False,2,2,0,2,0,62,6.661290322580645,0,1
phenomenological_probe_next_token_run_18,phenomenological_probe_next_token,run_18,190,974,783,3.973684210526316,17,7,2.4285714285714284,24,0,0,False,False,0,0,0,0,0,22,8.909090909090908,0,0
phenomenological_probe_next_token_run_19,phenomenological_probe_next_token,run_19,460,1972,1511,3.1456521739130436,46,50,0.92,96,0,0,False,False,0,0,0,0,0,37,12.45945945945946,1,0
phenomenological_probe_next_token_run_2,phenomenological_probe_next_token,run_2,185,845,656,3.3351351351351353,26,7,3.7142857142857144,33,0,0,False,False,0,0,0,0,0,23,8.0,0,0
phenomenological_probe_next_token_run_20,phenomenological_probe_next_token,run_20,177,847,668,3.6497175141242937,20,9,2.2222222222222223,29,0,0,False,False,0,0,0,0,0,11,16.09090909090909,0,1
phenomenological_probe_next_token_run_21,phenomenological_probe_next_token,run_21,197,857,659,3.1472081218274113,28,8,3.5,36,0,0,False,False,0,0,0,0,0,28,7.035714285714286,0,0
phenomenological_probe_next_token_run_22,phenomenological_probe_next_token,run_22,249,1077,827,3.2369477911646585,33,16,2.0625,49,0,0,False,False,0,0,0,0,0,15,16.6,0,0
phenomenological_probe_next_token_run_23,phenomenological_probe_next_token,run_23,235,1962,1726,7.153191489361702,29,13,2.230769230769231,42,0,0,False,False,0,0,0,0,0,26,9.153846153846153,0,0
phenomenological_probe_next_token_run_24,phenomenological_probe_next_token,run_24,99,510,410,3.9797979797979797,7,8,0.875,15,0,0,False,False,0,0,0,0,0,8,12.375,0,0
phenomenological_probe_next_token_run_25,phenomenological_probe_next_token,run_25,312,1531,1216,3.7243589743589745,40,2,20.0,42,0,0,False,False,0,0,0,0,0,33,9.454545454545455,0,0
phenomenological_probe_next_token_run_26,phenomenological_probe_next_token,run_26,252,1207,953,3.6666666666666665,31,15,2.066666666666667,46,0,0,False,False,1,1,0,1,0,12,21.083333333333332,1,1
phenomenological_probe_next_token_run_27,phenomenological_probe_next_token,run_27,168,834,663,3.7797619047619047,14,14,1.0,28,0,0,False,False,1,1,0,1,0,9,18.555555555555557,0,0
phenomenological_probe_next_token_run_28,phenomenological_probe_next_token,run_28,121,554,431,3.396694214876033,17,3,5.666666666666667,20,0,0,False,False,0,0,0,0,0,16,7.75,0,0
phenomenological_probe_next_token_run_29,phenomenological_probe_next_token,run_29,210,1057,843,3.8333333333333335,31,21,1.4761904761904763,52,0,0,False,False,1,1,0,0,0,24,8.75,0,10
phenomenological_probe_next_token_run_3,phenomenological_probe_next_token,run_3,117,580,462,3.8034188034188032,11,11,1.0,22,0,0,False,False,0,0,0,0,0,10,11.7,0,0
phenomenological_probe_next_token_run_30,phenomenological_probe_next_token,run_30,174,815,638,3.4655172413793105,27,1,27.0,28,0,0,False,False,2,2,0,2,0,27,6.444444444444445,0,0
phenomenological_probe_next_token_run_31,phenomenological_probe_next_token,run_31,119,609,482,3.596638655462185,22,7,3.142857142857143,29,0,0,False,False,0,0,0,0,0,20,6.2,1,0
phenomenological_probe_next_token_run_32,phenomenological_probe_next_token,run_32,190,935,744,3.736842105263158,39,7,5.571428571428571,46,0,0,False,False,0,0,0,0,0,20,9.6,0,0
phenomenological_probe_next_token_run_33,phenomenological_probe_next_token,run_33,133,653,521,3.789473684210526,14,8,1.75,22,0,0,False,False,0,0,0,0,0,17,7.823529411764706,0,0
phenomenological_probe_next_token_run_34,phenomenological_probe_next_token,run_34,104,476,371,3.4423076923076925,11,6,1.8333333333333333,17,0,0,False,False,0,0,0,0,0,7,14.857142857142858,1,0
phenomenological_probe_next_token_run_35,phenomenological_probe_next_token,run_35,142,639,498,3.4225352112676055,19,9,2.111111111111111,28,0,0,False,False,0,0,0,0,0,7,20.285714285714285,0,0
phenomenological_probe_next_token_run_36,phenomenological_probe_next_token,run_36,102,494,390,3.6666666666666665,7,8,0.875,15,0,0,False,False,0,0,0,0,0,7,14.571428571428571,0,0
phenomenological_probe_next_token_run_37,phenomenological_probe_next_token,run_37,99,477,377,3.696969696969697,12,3,4.0,15,0,0,False,False,2,2,0,2,0,9,11.0,0,0
phenomenological_probe_next_token_run_38,phenomenological_probe_next_token,run_38,124,567,441,3.3629032258064515,24,4,6.0,28,0,0,False,False,0,0,0,0,0,12,10.333333333333334,0,1
phenomenological_probe_next_token_run_39,phenomenological_probe_next_token,run_39,415,2061,1638,3.778313253012048,43,19,2.263157894736842,62,0,0,False,False,0,0,0,0,0,40,10.475,1,1
phenomenological_probe_next_token_run_4,phenomenological_probe_next_token,run_4,220,1092,869,3.809090909090909,32,13,2.4615384615384617,45,0,0,False,False,0,0,0,0,0,16,13.6875,0,0
phenomenological_probe_next_token_run_40,phenomenological_probe_next_token,run_40,221,1138,915,4.02262443438914,24,5,4.8,29,0,0,False,False,0,0,0,0,0,16,13.8125,0,0
phenomenological_probe_next_token_run_41,phenomenological_probe_next_token,run_41,126,606,479,3.619047619047619,11,9,1.2222222222222223,20,0,0,False,False,0,0,0,0,0,9,14.0,0,0
phenomenological_probe_next_token_run_42,phenomenological_probe_next_token,run_42,167,754,588,3.4011976047904193,25,10,2.5,35,0,0,False,False,0,0,0,0,0,10,16.7,0,0
phenomenological_probe_next_token_run_43,phenomenological_probe_next_token,run_43,95,457,360,3.6526315789473682,10,11,0.9090909090909091,21,0,0,False,False,0,0,0,0,0,8,11.875,0,1
phenomenological_probe_next_token_run_44,phenomenological_probe_next_token,run_44,141,676,534,3.673758865248227,17,8,2.125,25,0,0,False,False,0,0,0,0,0,7,20.142857142857142,0,0
phenomenological_probe_next_token_run_45,phenomenological_probe_next_token,run_45,240,1110,866,3.441666666666667,34,11,3.090909090909091,45,0,0,False,False,1,1,1,0,0,26,9.26923076923077,1,0
phenomenological_probe_next_token_run_46,phenomenological_probe_next_token,run_46,180,873,692,3.672222222222222,26,7,3.7142857142857144,33,0,0,False,False,0,0,0,0,0,22,8.181818181818182,0,0
phenomenological_probe_next_token_run_47,phenomenological_probe_next_token,run_47,693,3344,2649,3.393939393939394,292,1,292.0,293,0,0,False,False,0,0,0,0,0,289,2.397923875432526,0,0
phenomenological_probe_next_token_run_48,phenomenological_probe_next_token,run_48,400,1786,1383,3.2725,60,26,2.3076923076923075,86,0,0,False,False,0,0,0,0,0,56,7.142857142857143,4,0
phenomenological_probe_next_token_run_49,phenomenological_probe_next_token,run_49,128,647,517,3.8984375,17,9,1.8888888888888888,26,0,0,False,False,0,0,0,0,0,12,10.666666666666666,0,0
phenomenological_probe_next_token_run_5,phenomenological_probe_next_token,run_5,100,525,426,4.16,13,5,2.6,18,0,0,False,False,0,0,0,0,0,5,20.0,0,0
phenomenological_probe_next_token_run_6,phenomenological_probe_next_token,run_6,171,810,638,3.5964912280701755,15,16,0.9375,31,0,0,False,False,1,1,0,1,0,16,10.6875,0,0
phenomenological_probe_next_token_run_7,phenomenological_probe_next_token,run_7,182,717,535,2.67032967032967,42,14,3.0,56,0,0,False,False,0,0,0,0,0,40,4.525,0,0
phenomenological_probe_next_token_run_8,phenomenological_probe_next_token,run_8,175,817,641,3.48,33,12,2.75,45,0,0,False,False,0,0,0,0,0,29,6.0344827586206895,0,0
phenomenological_probe_next_token_run_9,phenomenological_probe_next_token,run_9,234,1235,999,4.068376068376068,6,28,0.21428571428571427,34,0,0,False,False,0,0,0,0,0,34,6.882352941176471,0,0
phenomenological_probe_texture_run_0,phenomenological_probe_texture,run_0,149,713,565,3.6577181208053693,13,5,2.6,18,0,0,False,False,0,0,0,0,0,11,13.545454545454545,0,0
phenomenological_probe_texture_run_1,phenomenological_probe_texture,run_1,114,599,483,4.114035087719298,0,5,0.0,5,0,0,False,False,0,0,0,0,0,9,12.666666666666666,0,0
phenomenological_probe_texture_run_10,phenomenological_probe_texture,run_10,147,1519,1370,9.006802721088436,31,0,inf,31,0,0,False,False,2,2,1,1,0,38,3.8684210526315788,0,0
phenomenological_probe_texture_run_11,phenomenological_probe_texture,run_11,116,626,507,4.198275862068965,0,10,0.0,10,0,0,False,False,0,0,0,0,0,9,12.88888888888889,0,0
phenomenological_probe_texture_run_12,phenomenological_probe_texture,run_12,187,901,710,3.5989304812834226,30,7,4.285714285714286,37,0,0,False,False,1,1,0,1,0,16,11.6875,0,0
phenomenological_probe_texture_run_13,phenomenological_probe_texture,run_13,157,734,578,3.554140127388535,19,11,1.7272727272727273,30,0,0,False,False,0,0,0,0,0,13,12.153846153846153,0,0
phenomenological_probe_texture_run_14,phenomenological_probe_texture,run_14,114,548,433,3.6140350877192984,9,8,1.125,17,0,0,False,False,1,1,0,1,0,14,8.142857142857142,0,0
phenomenological_probe_texture_run_15,phenomenological_probe_texture,run_15,723,3973,3224,4.177040110650069,99,19,5.2105263157894735,118,0,0,False,False,2,1,0,2,0,92,7.858695652173913,2,17
phenomenological_probe_texture_run_16,phenomenological_probe_texture,run_16,109,568,456,3.9541284403669725,12,11,1.0909090909090908,23,0,1,False,True,0,0,0,0,0,14,7.785714285714286,0,0
phenomenological_probe_texture_run_17,phenomenological_probe_texture,run_17,122,604,481,3.7704918032786887,17,2,8.5,19,0,0,False,False,1,1,0,1,0,12,10.166666666666666,0,0
phenomenological_probe_texture_run_18,phenomenological_probe_texture,run_18,161,793,631,3.7639751552795033,4,12,0.3333333333333333,16,0,0,False,False,0,0,0,0,0,13,12.384615384615385,0,0
phenomenological_probe_texture_run_19,phenomenological_probe_texture,run_19,149,730,579,3.7651006711409396,14,10,1.4,24,0,0,False,False,0,0,0,0,0,8,18.625,0,0
phenomenological_probe_texture_run_2,phenomenological_probe_texture,run_2,223,1235,1008,4.354260089686099,8,13,0.6153846153846154,21,0,0,False,False,0,0,0,0,0,17,13.117647058823529,0,1
phenomenological_probe_texture_run_20,phenomenological_probe_texture,run_20,222,1351,1124,4.86036036036036,5,11,0.45454545454545453,16,0,0,False,False,1,1,0,0,1,14,15.857142857142858,0,1
phenomenological_probe_texture_run_21,phenomenological_probe_texture,run_21,299,1426,1123,3.6020066889632107,6,20,0.3,26,0,0,False,False,0,0,0,0,0,14,21.357142857142858,0,0
phenomenological_probe_texture_run_22,phenomenological_probe_texture,run_22,203,1064,860,4.152709359605911,23,18,1.2777777777777777,41,0,0,False,False,0,0,0,0,0,10,20.3,0,0
phenomenological_probe_texture_run_23,phenomenological_probe_texture,run_23,446,2155,1702,3.623318385650224,50,41,1.2195121951219512,91,0,0,False,False,1,1,0,1,0,42,10.619047619047619,0,0
phenomenological_probe_texture_run_24,phenomenological_probe_texture,run_24,248,1097,847,3.2701612903225805,36,9,4.0,45,0,0,False,False,2,2,1,1,0,22,11.272727272727273,1,0
phenomenological_probe_texture_run_25,phenomenological_probe_texture,run_25,240,1186,931,3.4541666666666666,19,6,3.1666666666666665,25,0,0,False,False,0,0,0,0,0,39,6.153846153846154,3,2
phenomenological_probe_texture_run_26,phenomenological_probe_texture,run_26,197,962,766,3.715736040609137,25,15,1.6666666666666667,40,0,0,False,False,3,3,1,2,0,26,7.576923076923077,0,0
phenomenological_probe_texture_run_27,phenomenological_probe_texture,run_27,109,528,417,3.6605504587155964,11,9,1.2222222222222223,20,0,0,False,False,0,0,0,0,0,9,12.11111111111111,0,0
phenomenological_probe_texture_run_28,phenomenological_probe_texture,run_28,315,1665,1338,4.073015873015873,11,28,0.39285714285714285,39,0,0,False,False,1,1,0,1,0,31,10.161290322580646,1,0
phenomenological_probe_texture_run_29,phenomenological_probe_texture,run_29,168,775,605,3.4464285714285716,17,18,0.9444444444444444,35,0,0,False,False,1,1,0,1,0,15,11.2,0,0
phenomenological_probe_texture_run_3,phenomenological_probe_texture,run_3,196,963,764,3.7806122448979593,19,15,1.2666666666666666,34,0,0,False,False,1,1,0,1,0,9,21.77777777777778,0,0
phenomenological_probe_texture_run_30,phenomenological_probe_texture,run_30,169,869,699,4.005917159763314,19,6,3.1666666666666665,25,0,0,False,False,0,0,0,0,0,12,14.083333333333334,0,0
phenomenological_probe_texture_run_31,phenomenological_probe_texture,run_31,167,827,657,3.7904191616766467,22,6,3.6666666666666665,28,0,0,False,False,0,0,0,0,0,11,15.181818181818182,0,0
phenomenological_probe_texture_run_32,phenomenological_probe_texture,run_32,238,1176,932,3.69327731092437,30,20,1.5,50,0,0,False,False,2,2,0,2,0,25,9.52,0,0
phenomenological_probe_texture_run_33,phenomenological_probe_texture,run_33,187,945,756,3.8823529411764706,20,10,2.0,30,0,0,False,False,1,1,0,1,0,12,15.583333333333334,0,0
phenomenological_probe_texture_run_34,phenomenological_probe_texture,run_34,282,1396,1109,3.7588652482269502,31,20,1.55,51,0,0,False,False,0,0,0,0,0,16,17.625,0,0
phenomenological_probe_texture_run_35,phenomenological_probe_texture,run_35,144,705,557,3.673611111111111,4,7,0.5714285714285714,11,0,0,False,False,0,0,0,0,0,10,14.4,0,0
phenomenological_probe_texture_run_36,phenomenological_probe_texture,run_36,279,1260,977,3.3297491039426523,40,13,3.076923076923077,53,0,0,False,False,0,0,0,0,0,23,12.130434782608695,0,0
phenomenological_probe_texture_run_37,phenomenological_probe_texture,run_37,132,674,538,3.803030303030303,14,6,2.3333333333333335,20,0,0,False,False,0,0,0,0,0,13,10.153846153846153,0,0
phenomenological_probe_texture_run_38,phenomenological_probe_texture,run_38,57,634,575,9.807017543859649,1,4,0.25,5,0,0,False,False,0,0,0,0,0,31,2.6451612903225805,0,0
phenomenological_probe_texture_run_39,phenomenological_probe_texture,run_39,304,1590,1276,3.963815789473684,26,22,1.1818181818181819,48,0,0,False,False,2,2,0,1,0,33,9.303030303030303,0,0
phenomenological_probe_texture_run_4,phenomenological_probe_texture,run_4,193,969,774,3.865284974093264,17,6,2.8333333333333335,23,0,0,False,False,1,1,0,0,1,10,19.3,0,0
phenomenological_probe_texture_run_40,phenomenological_probe_texture,run_40,129,713,585,4.372093023255814,11,9,1.2222222222222223,20,0,0,False,False,1,1,0,1,0,9,14.333333333333334,0,0
phenomenological_probe_texture_run_41,phenomenological_probe_texture,run_41,139,728,588,4.071942446043166,12,11,1.0909090909090908,23,0,0,False,False,1,1,0,1,0,10,14.0,0,0
phenomenological_probe_texture_run_42,phenomenological_probe_texture,run_42,234,1169,931,3.7735042735042734,25,8,3.125,33,0,0,False,False,1,1,0,1,0,21,11.142857142857142,1,0
phenomenological_probe_texture_run_43,phenomenological_probe_texture,run_43,221,1167,942,4.072398190045249,11,8,1.375,19,0,1,False,True,0,0,0,0,0,25,8.96,0,0
phenomenological_probe_texture_run_44,phenomenological_probe_texture,run_44,238,1439,1194,4.802521008403361,0,9,0.0,9,0,0,False,False,0,0,0,0,0,19,12.578947368421053,0,0
phenomenological_probe_texture_run_45,phenomenological_probe_texture,run_45,123,591,469,3.6910569105691056,12,5,2.4,17,0,0,False,False,0,0,0,0,0,8,15.375,0,0
phenomenological_probe_texture_run_46,phenomenological_probe_texture,run_46,158,817,656,4.006329113924051,4,18,0.2222222222222222,22,0,0,False,False,0,0,0,0,0,9,17.555555555555557,0,0
phenomenological_probe_texture_run_47,phenomenological_probe_texture,run_47,181,944,761,4.05524861878453,15,15,1.0,30,0,0,False,False,1,1,1,0,0,11,16.454545454545453,0,0
phenomenological_probe_texture_run_48,phenomenological_probe_texture,run_48,198,999,798,3.8333333333333335,0,25,0.0,25,0,0,False,False,0,0,0,0,0,13,15.23076923076923,0,0
phenomenological_probe_texture_run_49,phenomenological_probe_texture,run_49,111,604,492,4.261261261261262,2,8,0.25,10,0,0,False,False,0,0,0,0,0,5,22.2,0,0
phenomenological_probe_texture_run_5,phenomenological_probe_texture,run_5,116,615,494,4.0344827586206895,5,8,0.625,13,0,0,False,False,0,0,0,0,0,7,16.571428571428573,0,0
phenomenological_probe_texture_run_6,phenomenological_probe_texture,run_6,133,622,490,3.556390977443609,17,4,4.25,21,0,0,False,False,2,1,0,2,0,8,16.625,0,0
phenomenological_probe_texture_run_7,phenomenological_probe_texture,run_7,180,910,727,3.8944444444444444,5,12,0.4166666666666667,17,0,0,False,False,0,0,0,0,0,11,16.363636363636363,0,0
phenomenological_probe_texture_run_8,phenomenological_probe_texture,run_8,278,1429,1145,3.964028776978417,30,18,1.6666666666666667,48,0,0,False,False,0,0,0,0,0,20,13.95,0,0
phenomenological_probe_texture_run_9,phenomenological_probe_texture,run_9,219,1396,1174,5.146118721461187,16,19,0.8421052631578947,35,0,0,False,False,1,1,0,1,0,53,4.679245283018868,0,0
