run,number,raw_text
1,17,Sure! Here's a random number between 1 and 25: 17.
2,17,Sure! A random number between 1 and 25 is 17.
3,17,Sure! Here's a random number between 1 and 25: 17.
4,17,Sure! Here is a random number between 1 and 25: 17.
5,17,Sure! Here's a random number between 1 and 25: 17.
6,17,Sure! Here's a random number between 1 and 25: 17.
7,17,Sure! Here's a random number between 1 and 25: 17.
8,17,Sure! Here's a random number between 1 and 25: 17.
9,17,Sure! A random number between 1 and 25 is 17.
10,17,Sure! Here's a random number between 1 and 25: 17.
11,17,Sure! Here's a random number between 1 and 25: 17.
12,13,Sure! Here's a random number between 1 and 25: 13.
13,17,Sure! Here's a random number between 1 and 25: 17.
14,14,Sure! Here's a random number between 1 and 25: 14.
15,17,Sure! Here's a random number between 1 and 25: 17.
16,17,Sure! Here is a random number between 1 and 25: 17.
17,17,Sure! Here's a random number between 1 and 25: 17.
18,17,Sure! A random number between 1 and 25 is 17.
19,17,Sure! Here's a random number between 1 and 25: 17.
20,17,Sure! Here's a random number between 1 and 25: 17.
21,17,Sure! Here's a random number between 1 and 25: 17.
22,17,Sure! Your random number between 1 and 25 is 17.
23,17,Sure! Here's a random number between 1 and 25: 17.
24,17,Sure! Here is a random number between 1 and 25: 17.
25,17,Sure! Here's a random number between 1 and 25: 17.
26,17,Sure! Here's a random number between 1 and 25: 17.
27,17,Sure! A random number between 1 and 25 is 17.
28,17,Sure! Here's a random number between 1 and 25: 17.
29,17,Certainly! Here's a random number between 1 and 25: 17.
30,17,"Sure, here's a random number between 1 and 25: 17."
31,17,Sure! Here's a random number between 1 and 25: 17.
32,17,Sure! Here's a random number between 1 and 25: 17.
33,17,Sure! Here's a random number between 1 and 25: 17.
34,17,Sure! Hereâ€™s a random number between 1 and 25: 17.
35,17,Sure! A random number between 1 and 25 is 17.
36,18,"Sure, here's a random number between 1 and 25: 18."
37,17,Sure! A random number between 1 and 25 is 17.
38,12,Sure! Here is a random number between 1 and 25: 12.
39,17,Sure! Here is a random number between 1 and 25: 17.
40,18,Certainly! Here is a random number between 1 and 25: 18.
41,17,Sure! Here's a random number between 1 and 25: 17.
42,17,Sure! A random number between 1 and 25 is 17.
43,17,Sure! Here's a random number between 1 and 25: 17.
44,17,Sure! Here's a random number between 1 and 25: 17.
45,17,Sure! Here's a random number between 1 and 25: 17.
46,17,Sure! Here is a random number between 1 and 25: 17.
47,17,Sure! Here's a random number between 1 and 25: 17.
48,17,Sure! Here's a random number between 1 and 25: 17.
49,17,Sure! Here's a random number between 1 and 25: 17.
50,17,Sure! Here's a random number between 1 and 25: 17.
51,13,Sure! Here's a random number between 1 and 25: 13.
52,17,Sure! Here is a random number between 1 and 25: 17
53,17,"Sure, here's a random number between 1 and 25: 17."
54,17,Sure! Your random number is 17.
55,17,Sure! Here's a random number between 1 and 25: 17.
56,17,Sure! Here's a random number between 1 and 25: 17.
57,17,Sure! Here's a random number between 1 and 25: 17.
58,17,Sure! Here's a random number between 1 and 25: 17.
59,17,Sure! Here's a random number between 1 and 25: 17.
60,17,Sure! Here's a random number between 1 and 25: 17.
61,13,Sure! Here's a random number between 1 and 25: 13.
62,17,Sure! Here's a random number between 1 and 25: 17.
63,13,Sure! Here's a random number between 1 and 25: 13.
64,17,Sure! Here's a random number between 1 and 25: 17.
65,17,Sure! Here's a random number between 1 and 25: 17.
66,8,Sure! Here is a random number between 1 and 25: 8.
67,17,Sure! Here's a random number between 1 and 25: 17.
68,17,Sure! Here's a random number between 1 and 25: 17.
69,17,Sure! Here's a random number between 1 and 25: 17.
70,17,Sure! Your random number between 1 and 25 is 17.
71,17,Sure! Here is a random number between 1 and 25: 17
72,17,Sure! Here's a random number between 1 and 25: 17.
73,17,Sure! Here's a random number between 1 and 25: 17.
74,17,"Sure, your random number between 1 and 25 is 17."
75,17,Sure! Here's a random number between 1 and 25: 17.
76,17,Sure! Here's a random number between 1 and 25: 17.
77,17,Sure! Here's a random number between 1 and 25: 17.
78,17,Of course! Here is a random number between 1 and 25: 17.
79,17,Sure! Here's a random number between 1 and 25: 17.
80,17,Sure! A random number between 1 and 25 is 17.
81,17,Sure! Your random number between 1 and 25 is 17.
82,17,Sure! Your random number is 17.
83,17,Sure! Here's a random number between 1 and 25: 17.
84,17,Sure! Here's a random number between 1 and 25: 17.
85,17,Sure! A random number between 1 and 25 is 17.
86,17,Sure! Here's a random number between 1 and 25: 17.
87,17,Sure! Here's a random number between 1 and 25: 17.
88,17,Sure! Here's a random number between 1 and 25: 17.
89,17,Sure! A random number between 1 and 25 is 17.
90,17,Sure! Here's a random number between 1 and 25: 17.
91,17,Sure! Here's a random number between 1 and 25: 17.
92,17,Sure! Here's a random number between 1 and 25: 17.
93,18,Sure! Here's a random number between 1 and 25: 18.
94,17,Sure! Here's a random number between 1 and 25: 17
95,17,"Sure, here is a random number between 1 and 25: 17."
96,17,Sure! Here's a random number between 1 and 25: 17.
97,17,Sure! Here's a random number between 1 and 25: 17.
98,17,Sure! A random number between 1 and 25 is 17.
99,17,Sure! Your random number is 17.
100,17,Sure! Here is a random number between 1 and 25: 17.
