config_basename,prompt_id,activation_type_source,token_idx,trajectory_length,reduction_method,final_components,pca_components,norm_method,umap_neighbors,umap_min_dist,tsne_perplexity,calculation_space
llama3.2-3b-config_cs_suite_reduce_umap_residual_3d-02,perspective_report_09_neutral_ctrl,residual_stream,0,1255.2488,UMAP,3,50,,15,0.1,N/A,full
llama3.2-3b-config_cs_suite_reduce_umap_residual_3d-02,perspective_report_09_neutral_ctrl,residual_stream,1,196.42378,UMAP,3,50,,15,0.1,N/A,full
llama3.2-3b-config_cs_suite_reduce_umap_residual_3d-02,perspective_report_09_neutral_ctrl,residual_stream,2,179.81871,UMAP,3,50,,15,0.1,N/A,full
llama3.2-3b-config_cs_suite_reduce_umap_residual_3d-02,perspective_report_09_neutral_ctrl,residual_stream,3,197.12434,UMAP,3,50,,15,0.1,N/A,full
llama3.2-3b-config_cs_suite_reduce_umap_residual_3d-02,perspective_report_09_neutral_ctrl,residual_stream,4,199.6962,UMAP,3,50,,15,0.1,N/A,full
llama3.2-3b-config_cs_suite_reduce_umap_residual_3d-02,perspective_report_09_neutral_ctrl,residual_stream,5,191.34103,UMAP,3,50,,15,0.1,N/A,full
llama3.2-3b-config_cs_suite_reduce_umap_residual_3d-02,perspective_report_09_neutral_ctrl,residual_stream,6,208.15157,UMAP,3,50,,15,0.1,N/A,full
llama3.2-3b-config_cs_suite_reduce_umap_residual_3d-02,perspective_report_09_neutral_ctrl,residual_stream,7,194.796,UMAP,3,50,,15,0.1,N/A,full
llama3.2-3b-config_cs_suite_reduce_umap_residual_3d-02,perspective_report_09_neutral_ctrl,residual_stream,8,207.73766,UMAP,3,50,,15,0.1,N/A,full
llama3.2-3b-config_cs_suite_reduce_umap_residual_3d-02,perspective_report_09_neg_str_cs,residual_stream,0,1255.2488,UMAP,3,50,,15,0.1,N/A,full
llama3.2-3b-config_cs_suite_reduce_umap_residual_3d-02,perspective_report_09_neg_str_cs,residual_stream,1,196.42378,UMAP,3,50,,15,0.1,N/A,full
llama3.2-3b-config_cs_suite_reduce_umap_residual_3d-02,perspective_report_09_neg_str_cs,residual_stream,2,179.81871,UMAP,3,50,,15,0.1,N/A,full
llama3.2-3b-config_cs_suite_reduce_umap_residual_3d-02,perspective_report_09_neg_str_cs,residual_stream,3,197.12434,UMAP,3,50,,15,0.1,N/A,full
llama3.2-3b-config_cs_suite_reduce_umap_residual_3d-02,perspective_report_09_neg_str_cs,residual_stream,4,199.6962,UMAP,3,50,,15,0.1,N/A,full
llama3.2-3b-config_cs_suite_reduce_umap_residual_3d-02,perspective_report_09_neg_str_cs,residual_stream,5,191.34103,UMAP,3,50,,15,0.1,N/A,full
llama3.2-3b-config_cs_suite_reduce_umap_residual_3d-02,perspective_report_09_neg_str_cs,residual_stream,6,208.15157,UMAP,3,50,,15,0.1,N/A,full
llama3.2-3b-config_cs_suite_reduce_umap_residual_3d-02,perspective_report_09_neg_str_cs,residual_stream,7,209.5278,UMAP,3,50,,15,0.1,N/A,full
llama3.2-3b-config_cs_suite_reduce_umap_residual_3d-02,perspective_report_09_neg_str_cs,residual_stream,8,218.44272,UMAP,3,50,,15,0.1,N/A,full
llama3.2-3b-config_cs_suite_reduce_umap_residual_3d-02,perspective_report_09_neutral_ctrl,residual_stream,0,1255.2488,UMAP,3,50,,15,0.1,N/A,full
llama3.2-3b-config_cs_suite_reduce_umap_residual_3d-02,perspective_report_09_neutral_ctrl,residual_stream,1,196.42378,UMAP,3,50,,15,0.1,N/A,full
llama3.2-3b-config_cs_suite_reduce_umap_residual_3d-02,perspective_report_09_neutral_ctrl,residual_stream,2,179.81871,UMAP,3,50,,15,0.1,N/A,full
llama3.2-3b-config_cs_suite_reduce_umap_residual_3d-02,perspective_report_09_neutral_ctrl,residual_stream,3,197.12434,UMAP,3,50,,15,0.1,N/A,full
llama3.2-3b-config_cs_suite_reduce_umap_residual_3d-02,perspective_report_09_neutral_ctrl,residual_stream,4,199.6962,UMAP,3,50,,15,0.1,N/A,full
llama3.2-3b-config_cs_suite_reduce_umap_residual_3d-02,perspective_report_09_neutral_ctrl,residual_stream,5,191.34103,UMAP,3,50,,15,0.1,N/A,full
llama3.2-3b-config_cs_suite_reduce_umap_residual_3d-02,perspective_report_09_neutral_ctrl,residual_stream,6,208.15157,UMAP,3,50,,15,0.1,N/A,full
llama3.2-3b-config_cs_suite_reduce_umap_residual_3d-02,perspective_report_09_neutral_ctrl,residual_stream,7,194.796,UMAP,3,50,,15,0.1,N/A,full
llama3.2-3b-config_cs_suite_reduce_umap_residual_3d-02,perspective_report_09_neutral_ctrl,residual_stream,8,207.73766,UMAP,3,50,,15,0.1,N/A,full
llama3.2-3b-config_cs_suite_reduce_umap_residual_3d-02,perspective_report_09_neg_str_cs,residual_stream,0,1255.2488,UMAP,3,50,,15,0.1,N/A,full
llama3.2-3b-config_cs_suite_reduce_umap_residual_3d-02,perspective_report_09_neg_str_cs,residual_stream,1,196.42378,UMAP,3,50,,15,0.1,N/A,full
llama3.2-3b-config_cs_suite_reduce_umap_residual_3d-02,perspective_report_09_neg_str_cs,residual_stream,2,179.81871,UMAP,3,50,,15,0.1,N/A,full
llama3.2-3b-config_cs_suite_reduce_umap_residual_3d-02,perspective_report_09_neg_str_cs,residual_stream,3,197.12434,UMAP,3,50,,15,0.1,N/A,full
llama3.2-3b-config_cs_suite_reduce_umap_residual_3d-02,perspective_report_09_neg_str_cs,residual_stream,4,199.6962,UMAP,3,50,,15,0.1,N/A,full
llama3.2-3b-config_cs_suite_reduce_umap_residual_3d-02,perspective_report_09_neg_str_cs,residual_stream,5,191.34103,UMAP,3,50,,15,0.1,N/A,full
llama3.2-3b-config_cs_suite_reduce_umap_residual_3d-02,perspective_report_09_neg_str_cs,residual_stream,6,208.15157,UMAP,3,50,,15,0.1,N/A,full
llama3.2-3b-config_cs_suite_reduce_umap_residual_3d-02,perspective_report_09_neg_str_cs,residual_stream,7,209.5278,UMAP,3,50,,15,0.1,N/A,full
llama3.2-3b-config_cs_suite_reduce_umap_residual_3d-02,perspective_report_09_neg_str_cs,residual_stream,8,218.44272,UMAP,3,50,,15,0.1,N/A,full
